,czestotliwosc_piku,widmo_dB,dop_czestotliwosc,nazwa_dzwieku
0,121.5292766403552,97.67282309658256,123.47082531403103,B2
1,161.81240749876665,100.63103095449442,164.81377845643496,E3
2,203.28533547113963,78.23326449068011,207.65234878997256,G#3
3,244.58829242723237,70.45420098456943,246.94165062806206,B3
4,324.64464109521464,80.03151376724026,329.6275569128699,E4
5,614.4452238529847,66.75158985119828,622.2539674441618,D#5
